DataSeries,2024,2023,2022,2021,2020
"Number Of Classes For Music, Drama & Dance",16030,16551,16582,14193,11729
    Dance,8947,9235,9642,8503,6874
    Music & Vocal,6971,7258,6892,5647,4819
    Speech & Drama,112,58,48,43,36
Number Of Classes For Sports & Fitness,13815,13466,13551,10679,7965
"    Body, Mind & Strength",4904,4713,4653,3714,2811
    Dance Fitness,2118,2201,2369,2078,1573
    Intellectual & Board Games,5,4,3,8,7
    Martial Arts,5256,5092,4978,3831,2733
    Outdoor & Adventure,274,247,197,177,119
    Recreational Sports & Games,582,491,410,213,205
    Water Sports,676,718,941,658,517
"Number Of Participants For Music, Drama & Dance",125231,124872,114861,85398,70449
    Dance,83051,85698,87385,71081,56387
    Music & Vocal,41398,38732,26935,12024,13772
    Speech & Drama,782,442,541,2293,290
Number Of Participants For Sports & Fitness,195156,190870,175339,130790,98158
"    Body, Mind & Strength",63382,60071,55743,42593,32463
    Dance Fitness,31715,32098,32281,26770,19972
    Intellectual & Board Games,37,49,43,52,36
    Martial Arts,80148,79262,73595,54346,39407
    Outdoor & Adventure,2025,2295,2273,1556,999
    Recreational Sports & Games,5975,4607,4313,1944,1997
    Water Sports,11874,12488,7091,3529,3284
